"","X1","year","state","honey_producing_colonies","yield_per_colony","production","stocks","price_per_pound","production_value"
"1",1,2002,"Alabama",16,78,1248,187,59,736
"2",2,2002,"Arizona",40,59,2360,1322,73,1723
"3",3,2002,"Arkansas",55,93,5115,3529,57,2916
"4",4,2002,"California",440,70,30800,11396,59,18172
"5",5,2002,"Colorado",29,60,1740,957,62,1079
"6",6,2002,"Florida",232,105,24360,2923,54,13154
"7",7,2002,"Georgia",55,57,3135,376,63,1975
"8",8,2002,"Hawaii",7,112,784,125,82,643
"9",9,2002,"Idaho",100,47,4700,2679,52,2444
"10",10,2002,"Illinois",8,61,488,146,117,571
"11",11,2002,"Indiana",8,65,520,286,103,536
"12",12,2002,"Iowa",30,67,2010,1206,68,1367
"13",13,2002,"Kansas",15,68,1020,520,91,928
"14",14,2002,"Kentucky",3,48,144,40,135,194
"15",15,2002,"Louisiana",43,94,4042,1334,52,2102
"16",16,2002,"Maine",11,21,231,143,75,173
"17",17,2002,"Maryland",6,46,276,52,114,315
"18",18,2002,"Michigan",72,75,5400,2970,60,3240
"19",19,2002,"Minnesota",150,90,13500,3105,57,7695
"20",20,2002,"Mississippi",17,72,1224,649,69,845
"21",21,2002,"Missouri",23,75,1725,362,60,1035
"22",22,2002,"Montana",124,88,10912,4692,59,6438
"23",23,2002,"Nebraska",50,87,4350,2610,59,2567
"24",24,2002,"Nevada",10,35,350,95,145,508
"25",25,2002,"New Jersey",11,35,385,200,61,235
"26",26,2002,"New Mexico",15,64,960,739,72,691
"27",27,2002,"New York",58,80,4640,2274,55,2552
"28",28,2002,"North Carolina",11,49,539,243,143,771
"29",29,2002,"North Dakota",300,115,34500,13800,57,19665
"30",30,2002,"Ohio",18,65,1170,585,79,924
"31",31,2002,"Oklahoma",7,35,245,64,126,309
"32",32,2002,"Oregon",48,51,2448,1665,66,1616
"33",33,2002,"Pennsylvania",22,45,990,554,76,752
"34",34,2002,"South Dakota",235,121,28435,12796,58,16492
"35",35,2002,"Tennessee",9,61,549,104,143,785
"36",36,2002,"Texas",105,79,8295,2986,57,4728
"37",37,2002,"Utah",24,41,984,462,60,590
"38",38,2002,"Vermont",7,59,413,211,68,281
"39",39,2002,"Virginia",7,42,294,103,150,441
"40",40,2002,"Washington",52,54,2808,1151,58,1629
"41",41,2002,"West Virginia",7,54,378,234,122,461
"42",42,2002,"Wisconsin",84,90,7560,4385,68,5141
"43",43,2002,"Wyoming",39,93,3627,798,59,2140
"44",44,2003,"Alabama",14,73,1022,235,72,736
"45",45,2003,"Arizona",43,59,2537,1142,72,1827
"46",46,2003,"Arkansas",58,98,5684,1876,65,3695
"47",47,2003,"California",425,65,27625,7735,69,19061
"48",48,2003,"Colorado",26,55,1430,529,71,1015
"49",49,2003,"Florida",220,100,22000,3432,64,14080
"50",50,2003,"Georgia",55,57,3135,188,70,2195
"51",51,2003,"Hawaii",8,87,696,84,87,606
"52",52,2003,"Idaho",100,46,4600,1610,67,3082
"53",53,2003,"Illinois",6,76,456,251,158,720
"54",54,2003,"Indiana",7,76,532,186,92,489
"55",55,2003,"Iowa",33,51,1683,875,75,1262
"56",56,2003,"Kansas",13,51,663,530,96,636
"57",57,2003,"Kentucky",3,78,234,94,141,330
"58",58,2003,"Louisiana",45,106,4770,572,60,2862
"59",59,2003,"Maine",11,20,220,106,79,174
"60",60,2003,"Maryland",4,46,184,55,160,294
"61",61,2003,"Michigan",76,60,4560,2827,81,3694
"62",62,2003,"Minnesota",135,81,10935,1859,65,7108
"63",63,2003,"Mississippi",17,66,1122,224,89,999
"64",64,2003,"Missouri",25,61,1525,381,71,1083
"65",65,2003,"Montana",136,102,13872,4578,67,9294
"66",66,2003,"Nebraska",43,48,2064,1115,72,1486
"67",67,2003,"Nevada",9,50,450,36,214,963
"68",68,2003,"New Jersey",11,34,374,71,85,318
"69",69,2003,"New Mexico",10,70,700,350,66,462
"70",70,2003,"New York",53,70,3710,1781,79,2931
"71",71,2003,"North Carolina",13,44,572,172,148,847
"72",72,2003,"North Dakota",280,96,26880,9408,69,18547
"73",73,2003,"Ohio",16,81,1296,505,101,1309
"74",74,2003,"Oklahoma",4,47,188,105,143,269
"75",75,2003,"Oregon",44,44,1936,1200,74,1433
"76",76,2003,"Pennsylvania",17,57,969,514,92,891
"77",77,2003,"South Carolina",7,40,280,67,79,221
"78",78,2003,"South Dakota",235,65,15275,12220,71,10845
"79",79,2003,"Tennessee",8,59,472,131,139,656
"80",80,2003,"Texas",97,79,7663,1533,65,4981
"81",81,2003,"Utah",23,38,874,315,65,568
"82",82,2003,"Vermont",7,81,567,249,92,522
"83",83,2003,"Virginia",9,52,468,94,126,590
"84",84,2003,"Washington",42,52,2184,917,72,1572
"85",85,2003,"West Virginia",7,65,455,410,142,646
"86",86,2003,"Wisconsin",67,81,5427,3419,82,4450
"87",87,2003,"Wyoming",38,77,2926,468,65,1902
"88",88,2004,"Alabama",12,86,1032,103,118,1218
"89",89,2004,"Arizona",38,63,2394,1197,108,2586
"90",90,2004,"Arkansas",45,88,3960,871,126,4990
"91",91,2004,"California",470,50,23500,3525,132,31020
"92",92,2004,"Colorado",24,60,1440,576,129,1858
"93",93,2004,"Florida",220,93,20460,2026,114,23324
"94",94,2004,"Georgia",50,52,2600,52,113,2938
"95",95,2004,"Hawaii",7,136,952,29,111,1057
"96",96,2004,"Idaho",100,57,5700,1653,137,7809
"97",97,2004,"Illinois",9,80,720,130,147,1058
"98",98,2004,"Indiana",8,62,496,233,119,590
"99",99,2004,"Iowa",33,70,2310,901,143,3303
"100",100,2004,"Kansas",17,52,884,407,150,1326
"101",101,2004,"Kentucky",5,54,270,78,163,440
"102",102,2004,"Louisiana",35,124,4340,347,116,5034
"103",103,2004,"Maine",11,41,451,266,121,546
"104",104,2004,"Maryland",3,46,138,21,196,270
"105",105,2004,"Michigan",72,77,5544,1885,140,7762
"106",106,2004,"Minnesota",117,73,8541,1110,147,12555
"107",107,2004,"Mississippi",18,78,1404,281,123,1727
"108",108,2004,"Missouri",18,50,900,189,142,1278
"109",109,2004,"Montana",134,63,8442,1097,138,11650
"110",110,2004,"Nebraska",43,75,3225,1161,149,4805
"111",111,2004,"Nevada",9,62,558,61,267,1490
"112",112,2004,"New Jersey",11,40,440,92,100,440
"113",113,2004,"New Mexico",11,44,484,252,110,532
"114",114,2004,"New York",60,98,5880,2470,125,7350
"115",115,2004,"North Carolina",16,42,672,74,141,948
"116",116,2004,"North Dakota",320,75,24000,8160,146,35040
"117",117,2004,"Ohio",18,70,1260,504,144,1814
"118",118,2004,"Oklahoma",3,53,159,51,163,259
"119",119,2004,"Oregon",43,49,2107,885,135,2844
"120",120,2004,"Pennsylvania",29,57,1653,827,134,2215
"121",121,2004,"South Carolina",5,94,470,14,125,588
"122",122,2004,"South Dakota",225,51,11475,2410,142,16295
"123",123,2004,"Tennessee",8,61,488,137,140,683
"124",124,2004,"Texas",114,67,7638,985,114,8707
"125",125,2004,"Utah",22,59,1298,208,130,1687
"126",126,2004,"Vermont",7,89,623,274,120,748
"127",127,2004,"Virginia",8,38,304,79,190,578
"128",128,2004,"Washington",50,51,2550,561,127,3239
"129",129,2004,"West Virginia",9,51,459,151,132,606
"130",130,2004,"Wisconsin",70,95,6650,2461,134,8911
"131",131,2004,"Wyoming",38,63,2394,383,133,3184
"132",132,2005,"Alabama",13,82,1066,43,124,1322
"133",133,2005,"Arizona",35,72,2520,983,134,3377
"134",134,2005,"Arkansas",40,75,3000,810,126,3780
"135",135,2005,"California",480,67,32160,6432,139,44702
"136",136,2005,"Colorado",24,86,2064,722,140,2890
"137",137,2005,"Florida",210,71,14910,1491,132,19681
"138",138,2005,"Georgia",52,65,3380,270,128,4326
"139",139,2005,"Hawaii",7,114,798,43,145,1157
"140",140,2005,"Idaho",100,46,4600,1380,133,6118
"141",141,2005,"Illinois",7,60,420,252,183,769
"142",142,2005,"Indiana",5,56,280,78,166,465
"143",143,2005,"Iowa",32,59,1888,868,142,2681
"144",144,2005,"Kansas",16,57,912,447,141,1286
"145",145,2005,"Kentucky",5,48,240,14,167,401
"146",146,2005,"Louisiana",34,90,3060,275,124,3794
"147",147,2005,"Maine",8,33,264,145,141,372
"148",148,2005,"Maryland",2,42,84,21,193,162
"149",149,2005,"Michigan",65,74,4810,1732,141,6782
"150",150,2005,"Minnesota",120,83,9960,1892,144,14342
"151",151,2005,"Mississippi",21,69,1449,246,129,1869
"152",152,2005,"Missouri",17,53,901,189,141,1270
"153",153,2005,"Montana",145,66,9570,1914,144,13781
"154",154,2005,"Nebraska",45,74,3330,1299,138,4595
"155",155,2005,"Nevada",6,64,384,46,204,783
"156",156,2005,"New Jersey",10,19,190,101,160,304
"157",157,2005,"New Mexico",6,41,246,108,120,295
"158",158,2005,"New York",67,72,4824,1640,136,6561
"159",159,2005,"North Carolina",10,44,440,79,192,845
"160",160,2005,"North Dakota",340,87,29580,6803,136,40229
"161",161,2005,"Ohio",15,50,750,278,140,1050
"162",162,2005,"Oklahoma",3,47,141,69,184,259
"163",163,2005,"Oregon",42,51,2142,964,127,2720
"164",164,2005,"Pennsylvania",27,50,1350,419,144,1944
"165",165,2005,"South Carolina",4,70,280,8,189,529
"166",166,2005,"South Dakota",215,70,15050,2709,143,21522
"167",167,2005,"Tennessee",6,40,240,46,152,365
"168",168,2005,"Texas",140,67,9380,1126,140,13132
"169",169,2005,"Utah",25,57,1425,157,128,1824
"170",170,2005,"Vermont",7,83,581,163,196,1139
"171",171,2005,"Virginia",6,37,222,69,168,373
"172",172,2005,"Washington",58,56,3248,942,146,4742
"173",173,2005,"West Virginia",8,47,376,194,189,711
"174",174,2005,"Wisconsin",74,77,5698,2678,147,8376
"175",175,2005,"Wyoming",39,81,3159,474,141,4454
"176",176,2006,"Alabama",12,87,1044,282,141,1472
"177",177,2006,"Arizona",32,55,1760,774,111,1954
"178",178,2006,"Arkansas",40,57,2280,388,86,1961
"179",179,2006,"California",390,45,17550,5792,101,17726
"180",180,2006,"Colorado",23,80,1840,791,135,2484
"181",181,2006,"Florida",205,98,20090,2009,100,20090
"182",182,2006,"Georgia",63,49,3087,648,119,3674
"183",183,2006,"Hawaii",8,96,768,77,159,1221
"184",184,2006,"Idaho",100,63,6300,2520,99,6237
"185",185,2006,"Illinois",7,55,385,193,186,716
"186",186,2006,"Indiana",7,59,413,145,149,615
"187",187,2006,"Iowa",35,67,2345,1337,106,2486
"188",188,2006,"Kansas",14,80,1120,683,117,1310
"189",189,2006,"Kentucky",5,56,280,34,196,549
"190",190,2006,"Louisiana",35,98,3430,240,78,2675
"191",191,2006,"Maine",7,31,217,37,128,278
"192",192,2006,"Michigan",65,67,4355,2439,114,4965
"193",193,2006,"Minnesota",135,75,10125,1924,104,10530
"194",194,2006,"Mississippi",18,65,1170,421,79,924
"195",195,2006,"Missouri",16,41,656,151,138,905
"196",196,2006,"Montana",140,77,10780,3773,105,11319
"197",197,2006,"Nebraska",51,89,4539,2043,97,4403
"198",198,2006,"Nevada",14,55,770,316,247,1902
"199",199,2006,"New Jersey",12,27,324,45,141,457
"200",200,2006,"New Mexico",8,44,352,127,119,419
"201",201,2006,"New York",64,67,4288,1887,138,5917
"202",202,2006,"North Carolina",9,40,360,72,193,695
"203",203,2006,"North Dakota",390,78,30420,9126,102,31028
"204",204,2006,"Ohio",16,58,928,353,152,1411
"205",205,2006,"Oregon",42,54,2268,1111,121,2744
"206",206,2006,"Pennsylvania",30,54,1620,810,142,2300
"207",207,2006,"South Dakota",215,105,22575,13545,100,22575
"208",208,2006,"Tennessee",6,54,324,91,173,561
"209",209,2006,"Texas",116,76,8816,1411,95,8375
"210",210,2006,"Utah",23,70,1610,531,107,1723
"211",211,2006,"Vermont",6,68,408,192,151,616
"212",212,2006,"Virginia",7,38,266,69,209,556
"213",213,2006,"Washington",56,63,3528,1376,98,3457
"214",214,2006,"West Virginia",9,55,495,183,141,698
"215",215,2006,"Wisconsin",68,86,5848,2632,119,6959
"216",216,2006,"Wyoming",39,75,2925,380,107,3130
"217",217,2007,"Alabama",13,66,858,266,110,944
"218",218,2007,"Arizona",36,50,1800,720,105,1890
"219",219,2007,"Arkansas",36,69,2484,571,83,2062
"220",220,2007,"California",400,75,30000,9300,84,25200
"221",221,2007,"Colorado",28,70,1960,902,97,1901
"222",222,2007,"Florida",160,86,13760,2477,86,11834
"223",223,2007,"Georgia",59,49,2891,434,89,2573
"224",224,2007,"Hawaii",9,131,1179,283,143,1686
"225",225,2007,"Idaho",95,37,3515,1793,80,2812
"226",226,2007,"Illinois",8,85,680,408,186,1265
"227",227,2007,"Indiana",8,64,512,189,122,625
"228",228,2007,"Iowa",28,88,2464,1232,122,3006
"229",229,2007,"Kansas",16,50,800,328,109,872
"230",230,2007,"Kentucky",5,50,250,40,208,520
"231",231,2007,"Louisiana",35,97,3395,611,72,2444
"232",232,2007,"Maine",8,26,208,193,166,345
"233",233,2007,"Michigan",65,68,4420,2519,96,4243
"234",234,2007,"Minnesota",120,74,8880,1598,79,7015
"235",235,2007,"Mississippi",16,80,1280,346,67,858
"236",236,2007,"Missouri",15,50,750,180,122,915
"237",237,2007,"Montana",130,67,8710,3136,83,7229
"238",238,2007,"Nebraska",40,68,2720,2530,82,2230
"239",239,2007,"Nevada",12,46,552,442,311,1717
"240",240,2007,"New Jersey",12,32,384,104,121,465
"241",241,2007,"New Mexico",7,49,343,113,103,353
"242",242,2007,"New York",60,73,4380,2321,138,6044
"243",243,2007,"North Carolina",10,54,540,146,188,1015
"244",244,2007,"North Dakota",370,91,33670,8418,82,27609
"245",245,2007,"Ohio",15,69,1035,580,142,1470
"246",246,2007,"Oregon",39,42,1638,557,107,1753
"247",247,2007,"Pennsylvania",28,56,1568,800,113,1772
"248",248,2007,"South Dakota",220,79,17380,11818,79,13730
"249",249,2007,"Tennessee",7,55,385,92,170,655
"250",250,2007,"Texas",84,71,5964,954,87,5189
"251",251,2007,"Utah",23,45,1035,331,102,1056
"252",252,2007,"Vermont",6,91,546,169,112,612
"253",253,2007,"Virginia",8,37,296,59,222,657
"254",254,2007,"Washington",51,55,2805,1935,102,2861
"255",255,2007,"West Virginia",8,51,408,102,130,530
"256",256,2007,"Wisconsin",64,83,5312,2922,119,6321
"257",257,2007,"Wyoming",40,56,2240,291,85,1904
"258",258,2008,"Alabama",11,72,792,230,133,1053
"259",259,2008,"Arizona",30,65,1950,839,93,1814
"260",260,2008,"Arkansas",32,76,2432,730,91,2213
"261",261,2008,"California",380,52,19760,7706,99,19562
"262",262,2008,"Colorado",36,75,2700,1458,110,2970
"263",263,2008,"Florida",170,81,13770,1790,101,13908
"264",264,2008,"Georgia",63,74,4662,746,122,5688
"265",265,2008,"Hawaii",10,93,930,233,121,1125
"266",266,2008,"Idaho",95,44,4180,2592,100,4180
"267",267,2008,"Illinois",10,66,660,356,217,1432
"268",268,2008,"Indiana",6,54,324,107,158,512
"269",269,2008,"Iowa",26,84,2184,1441,138,3014
"270",270,2008,"Kansas",14,55,770,246,122,939
"271",271,2008,"Kentucky",5,56,280,70,220,616
"272",272,2008,"Louisiana",30,90,2700,675,90,2430
"273",273,2008,"Maine",11,23,253,86,161,407
"274",274,2008,"Michigan",72,55,3960,2099,117,4633
"275",275,2008,"Minnesota",125,80,10000,3300,96,9600
"276",276,2008,"Mississippi",14,98,1372,453,93,1276
"277",277,2008,"Missouri",15,46,690,117,105,725
"278",278,2008,"Montana",132,79,10428,1981,96,10011
"279",279,2008,"Nebraska",47,73,3431,3843,94,3225
"280",280,2008,"Nevada",9,37,333,50,362,1205
"281",281,2008,"New Jersey",9,36,324,152,115,373
"282",282,2008,"New Mexico",7,48,336,104,119,400
"283",283,2008,"New York",60,64,3840,2458,130,4992
"284",284,2008,"North Carolina",10,50,500,215,158,790
"285",285,2008,"North Dakota",350,74,25900,7770,92,23828
"286",286,2008,"Ohio",14,56,784,282,142,1113
"287",287,2008,"Oregon",46,48,2208,729,106,2340
"288",288,2008,"Pennsylvania",28,40,1120,605,163,1826
"289",289,2008,"South Dakota",225,47,10575,10575,95,10046
"290",290,2008,"Tennessee",7,55,385,58,186,716
"291",291,2008,"Texas",82,70,5740,976,91,5223
"292",292,2008,"Utah",23,50,1150,265,101,1162
"293",293,2008,"Vermont",6,56,336,144,120,403
"294",294,2008,"Virginia",8,42,336,114,227,763
"295",295,2008,"Washington",49,52,2548,1605,125,3185
"296",296,2008,"West Virginia",5,42,210,57,202,424
"297",297,2008,"Wisconsin",64,93,5952,2500,114,6785
"298",298,2008,"Wyoming",39,85,3315,497,100,3315
"299",299,2009,"Alabama",11,56,616,209,149,918
"300",300,2009,"Arizona",30,64,1920,902,126,2419
"301",301,2009,"Arkansas",28,80,2240,672,95,2128
"302",302,2009,"California",340,40,13600,3672,104,14144
"303",303,2009,"Colorado",31,51,1581,838,115,1818
"304",304,2009,"Florida",160,71,11360,1363,99,11246
"305",305,2009,"Georgia",60,58,3480,522,119,4141
"306",306,2009,"Hawaii",10,92,920,285,170,1564
"307",307,2009,"Idaho",92,41,3772,1848,115,4338
"308",308,2009,"Illinois",9,63,567,374,249,1412
"309",309,2009,"Indiana",8,53,424,119,150,636
"310",310,2009,"Iowa",26,81,2106,1221,131,2759
"311",311,2009,"Kansas",14,40,560,196,118,661
"312",312,2009,"Kentucky",4,61,244,54,212,517
"313",313,2009,"Louisiana",29,89,2581,413,108,2787
"314",314,2009,"Maine",9,26,234,59,132,309
"315",315,2009,"Michigan",72,64,4608,2350,119,5484
"316",316,2009,"Minnesota",130,68,8840,2564,104,9194
"317",317,2009,"Mississippi",15,92,1380,166,91,1256
"318",318,2009,"Missouri",14,46,644,148,112,721
"319",319,2009,"Montana",135,68,9180,2479,99,9088
"320",320,2009,"Nebraska",45,49,2205,1477,103,2271
"321",321,2009,"Nevada",10,28,280,67,299,837
"322",322,2009,"New Jersey",9,57,513,185,196,1005
"323",323,2009,"New Mexico",6,59,354,138,142,503
"324",324,2009,"New York",53,57,3021,1843,138,4169
"325",325,2009,"North Carolina",12,45,540,76,249,1345
"326",326,2009,"North Dakota",420,74,31080,9013,96,29837
"327",327,2009,"Ohio",14,61,854,376,177,1512
"328",328,2009,"Oregon",46,43,1978,1088,131,2591
"329",329,2009,"Pennsylvania",25,42,1050,326,170,1785
"330",330,2009,"South Dakota",255,52,13260,10608,102,13525
"331",331,2009,"Tennessee",7,65,455,114,199,905
"332",332,2009,"Texas",105,82,8610,1550,96,8266
"333",333,2009,"Utah",28,42,1176,270,113,1329
"334",334,2009,"Vermont",5,64,320,96,170,544
"335",335,2009,"Virginia",6,46,276,63,243,671
"336",336,2009,"Washington",46,44,2024,648,125,2530
"337",337,2009,"West Virginia",6,48,288,95,209,602
"338",338,2009,"Wisconsin",60,84,5040,3024,122,6149
"339",339,2009,"Wyoming",43,80,3440,894,100,3440
"340",340,2010,"Alabama",9,66,594,214,190,1129
"341",341,2010,"Arizona",25,64,1600,336,126,2016
"342",342,2010,"Arkansas",28,75,2100,525,135,2835
"343",343,2010,"California",360,51,18360,4039,139,25520
"344",344,2010,"Colorado",27,45,1215,656,151,1835
"345",345,2010,"Florida",150,79,11850,1304,132,15642
"346",346,2010,"Georgia",65,71,4615,369,152,7015
"347",347,2010,"Hawaii",10,90,900,225,159,1431
"348",348,2010,"Idaho",90,40,3600,1440,146,5256
"349",349,2010,"Illinois",8,56,448,116,259,1160
"350",350,2010,"Indiana",7,67,469,150,168,788
"351",351,2010,"Iowa",24,62,1488,580,158,2351
"352",352,2010,"Kansas",10,61,610,128,155,946
"353",353,2010,"Kentucky",4,39,156,27,244,381
"354",354,2010,"Louisiana",40,77,3080,493,136,4189
"355",355,2010,"Maine",7,42,294,79,157,462
"356",356,2010,"Michigan",71,73,5183,2021,144,7464
"357",357,2010,"Minnesota",122,78,9516,2569,139,13227
"358",358,2010,"Mississippi",14,98,1372,110,130,1784
"359",359,2010,"Missouri",11,53,583,152,168,979
"360",360,2010,"Montana",134,70,9380,4596,137,12851
"361",361,2010,"Nebraska",36,67,2412,1254,145,3497
"362",362,2010,"Nevada",10,29,290,52,142,412
"363",363,2010,"New Jersey",9,40,360,122,162,583
"364",364,2010,"New Mexico",6,48,288,95,148,426
"365",365,2010,"New York",50,70,3500,1260,165,5775
"366",366,2010,"North Carolina",12,52,624,137,218,1360
"367",367,2010,"North Dakota",400,90,36000,8640,136,48960
"368",368,2010,"Ohio",14,53,742,371,168,1247
"369",369,2010,"Oregon",50,43,2150,1097,141,3032
"370",370,2010,"Pennsylvania",23,48,1104,276,165,1822
"371",371,2010,"South Dakota",225,95,21375,11970,134,28643
"372",372,2010,"Tennessee",7,61,427,149,209,892
"373",373,2010,"Texas",77,64,4928,1380,134,6604
"374",374,2010,"Utah",28,48,1344,242,157,2110
"375",375,2010,"Vermont",5,66,330,119,220,726
"376",376,2010,"Virginia",6,42,252,45,242,610
"377",377,2010,"Washington",49,44,2156,862,151,3256
"378",378,2010,"West Virginia",6,43,258,49,216,557
"379",379,2010,"Wisconsin",58,80,4640,2366,150,6960
"380",380,2010,"Wyoming",39,61,2379,381,137,3259
"381",381,2011,"Alabama",9,50,450,68,186,837
"382",382,2011,"Arizona",20,52,1040,562,145,1508
"383",383,2011,"Arkansas",24,57,1368,301,142,1943
"384",384,2011,"California",355,33,11715,2109,139,16284
"385",385,2011,"Colorado",28,53,1484,326,143,2122
"386",386,2011,"Florida",170,68,11560,1618,142,16415
"387",387,2011,"Georgia",65,41,2665,346,147,3918
"388",388,2011,"Hawaii",10,95,950,323,176,1672
"389",389,2011,"Idaho",103,46,4738,1706,152,7202
"390",390,2011,"Illinois",8,34,272,57,255,694
"391",391,2011,"Indiana",9,32,288,101,202,582
"392",392,2011,"Iowa",26,42,1092,339,160,1747
"393",393,2011,"Kansas",9,63,567,164,185,1049
"394",394,2011,"Kentucky",5,35,175,25,271,474
"395",395,2011,"Louisiana",37,103,3811,610,136,5183
"396",396,2011,"Maine",6,50,300,51,195,585
"397",397,2011,"Michigan",66,60,3960,1505,155,6138
"398",398,2011,"Minnesota",122,65,7930,1427,144,11419
"399",399,2011,"Mississippi",14,104,1456,87,132,1922
"400",400,2011,"Missouri",11,47,517,57,199,1029
"401",401,2011,"Montana",146,70,10220,3577,146,14921
"402",402,2011,"Nebraska",48,56,2688,1102,146,3924
"403",403,2011,"New Jersey",11,32,352,70,236,831
"404",404,2011,"New Mexico",7,60,420,143,159,668
"405",405,2011,"New York",45,65,2925,936,193,5645
"406",406,2011,"North Carolina",11,45,495,84,257,1272
"407",407,2011,"North Dakota",450,77,34650,7623,138,47817
"408",408,2011,"Ohio",11,50,550,132,281,1546
"409",409,2011,"Oregon",55,34,1870,767,154,2880
"410",410,2011,"Pennsylvania",21,40,840,319,203,1705
"411",411,2011,"South Dakota",270,66,17820,6237,142,25304
"412",412,2011,"Tennessee",7,51,357,86,237,846
"413",413,2011,"Texas",89,63,5607,1065,139,7794
"414",414,2011,"Utah",26,38,988,198,146,1442
"415",415,2011,"Vermont",5,49,245,69,201,492
"416",416,2011,"Virginia",6,39,234,56,345,807
"417",417,2011,"Washington",62,44,2728,1064,158,4310
"418",418,2011,"West Virginia",5,37,185,33,260,481
"419",419,2011,"Wisconsin",63,60,3780,1588,158,5972
"420",420,2011,"Wyoming",37,48,1776,391,143,2540
"421",421,2012,"Alabama",9,54,486,73,240,1166
"422",422,2012,"Arizona",24,77,1848,665,152,2809
"423",423,2012,"Arkansas",25,60,1500,360,147,2205
"424",424,2012,"California",410,67,27470,6318,155,42579
"425",425,2012,"Colorado",34,56,1904,533,152,2894
"426",426,2012,"Florida",200,69,13800,1794,156,21528
"427",427,2012,"Georgia",55,46,2530,152,167,4225
"428",428,2012,"Hawaii",10,77,770,239,275,2118
"429",429,2012,"Idaho",97,27,2619,1179,161,4217
"430",430,2012,"Illinois",9,41,369,92,278,1026
"431",431,2012,"Indiana",10,43,430,151,223,959
"432",432,2012,"Iowa",27,49,1323,463,192,2540
"433",433,2012,"Kansas",9,52,468,103,202,945
"434",434,2012,"Kentucky",5,67,335,67,272,911
"435",435,2012,"Louisiana",36,80,2880,288,150,4320
"436",436,2012,"Maine",5,41,205,33,205,420
"437",437,2012,"Michigan",71,58,4118,1524,167,6877
"438",438,2012,"Minnesota",128,66,8448,1774,155,13094
"439",439,2012,"Mississippi",16,98,1568,78,144,2258
"440",440,2012,"Missouri",11,52,572,92,180,1030
"441",441,2012,"Montana",157,74,11618,2905,158,18356
"442",442,2012,"Nebraska",41,55,2255,902,151,3405
"443",443,2012,"New Jersey",13,35,455,73,190,865
"444",444,2012,"New Mexico",7,66,462,157,158,730
"445",445,2012,"New York",45,64,2880,1123,196,5645
"446",446,2012,"North Carolina",13,46,598,144,266,1591
"447",447,2012,"North Dakota",510,91,46410,12995,150,69615
"448",448,2012,"Ohio",18,62,1116,346,228,2544
"449",449,2012,"Oregon",59,39,2301,874,163,3751
"450",450,2012,"Pennsylvania",30,37,1110,377,213,2364
"451",451,2012,"South Dakota",265,58,15370,4765,151,23209
"452",452,2012,"Tennessee",8,63,504,106,250,1260
"453",453,2012,"Texas",100,72,7200,792,151,10872
"454",454,2012,"Utah",26,30,780,195,153,1193
"455",455,2012,"Vermont",4,65,260,73,310,806
"456",456,2012,"Virginia",5,37,185,37,332,614
"457",457,2012,"Washington",71,37,2627,1077,157,4124
"458",458,2012,"West Virginia",5,40,200,40,239,478
"459",459,2012,"Wisconsin",64,64,4096,1556,168,6881
"460",460,2012,"Wyoming",34,36,1224,282,159,1946
"461",461,2013,"Alabama",9,50,450,63,251,1130
"462",462,2013,"Arizona",23,53,1219,427,155,1889
"463",463,2013,"Arkansas",22,64,1408,239,162,2281
"464",464,2013,"California",370,48,17760,3730,165,29304
"465",465,2013,"Colorado",31,55,1705,443,200,3410
"466",466,2013,"Florida",180,61,10980,988,168,18446
"467",467,2013,"Georgia",65,43,2795,196,165,4612
"468",468,2013,"Hawaii",9,74,666,246,365,2431
"469",469,2013,"Idaho",87,36,3132,1879,178,5575
"470",470,2013,"Illinois",7,50,350,98,390,1365
"471",471,2013,"Indiana",8,51,408,147,214,873
"472",472,2013,"Iowa",25,62,1550,961,196,3038
"473",473,2013,"Kansas",7,44,308,117,215,662
"474",474,2013,"Kentucky",4,39,156,12,317,495
"475",475,2013,"Louisiana",36,77,2772,471,167,4629
"476",476,2013,"Maine",4,30,120,17,198,238
"477",477,2013,"Michigan",74,64,4736,2084,181,8572
"478",478,2013,"Minnesota",120,53,6360,2099,163,10367
"479",479,2013,"Mississippi",18,115,2070,104,153,3167
"480",480,2013,"Missouri",8,43,344,76,214,736
"481",481,2013,"Montana",145,92,13340,3202,170,22678
"482",482,2013,"Nebraska",41,59,2419,653,175,4233
"483",483,2013,"New Jersey",11,41,451,135,370,1669
"484",484,2013,"New Mexico",7,56,392,153,169,662
"485",485,2013,"New York",49,56,2744,1235,196,5378
"486",486,2013,"North Carolina",14,62,868,95,283,2456
"487",487,2013,"North Dakota",460,71,32660,7512,167,54542
"488",488,2013,"Ohio",15,66,990,228,234,2317
"489",489,2013,"Oregon",60,34,2040,755,168,3427
"490",490,2013,"Pennsylvania",24,44,1056,306,255,2693
"491",491,2013,"South Dakota",250,66,16500,4290,170,28050
"492",492,2013,"Tennessee",7,44,308,68,293,902
"493",493,2013,"Texas",78,58,4524,633,178,8053
"494",494,2013,"Utah",23,39,897,170,175,1570
"495",495,2013,"Vermont",4,43,172,43,231,397
"496",496,2013,"Virginia",4,40,160,21,407,651
"497",497,2013,"Washington",71,38,2698,836,193,5207
"498",498,2013,"West Virginia",4,53,212,45,257,545
"499",499,2013,"Wisconsin",57,63,3591,1508,189,6787
"500",500,2013,"Wyoming",35,54,1890,265,172,3251
"501",501,2014,"Alabama",8,54,432,65,247,1067
"502",502,2014,"Arizona",22,46,1012,253,179,1811
"503",503,2014,"Arkansas",25,63,1575,189,198,3119
"504",504,2014,"California",330,35,11550,3119,194,22407
"505",505,2014,"Colorado",25,48,1200,468,207,2484
"506",506,2014,"Florida",193,64,12352,1235,184,22728
"507",507,2014,"Georgia",59,51,3009,181,192,5777
"508",508,2014,"Hawaii",10,75,750,263,415,3113
"509",509,2014,"Idaho",92,32,2944,530,163,4799
"510",510,2014,"Illinois",7,61,427,145,355,1516
"511",511,2014,"Indiana",8,59,472,203,254,1199
"512",512,2014,"Iowa",37,61,2257,1196,217,4898
"513",513,2014,"Kansas",6,55,330,125,228,752
"514",514,2014,"Kentucky",5,51,255,41,315,803
"515",515,2014,"Louisiana",41,86,3526,141,183,6453
"516",516,2014,"Maine",4,34,136,24,239,325
"517",517,2014,"Michigan",73,57,4161,1332,203,8447
"518",518,2014,"Minnesota",125,67,8375,1591,192,16080
"519",519,2014,"Mississippi",18,118,2124,64,177,3759
"520",520,2014,"Missouri",7,53,371,108,280,1039
"521",521,2014,"Montana",145,52,7540,2413,195,14703
"522",522,2014,"Nebraska",43,65,2795,1146,193,5394
"523",523,2014,"New Jersey",14,33,462,51,197,910
"524",524,2014,"New Mexico",5,52,260,99,339,881
"525",525,2014,"New York",51,51,2601,988,223,5800
"526",526,2014,"North Carolina",13,39,507,106,376,1906
"527",527,2014,"North Dakota",480,69,33120,5962,192,63590
"528",528,2014,"Ohio",18,60,1080,410,246,2657
"529",529,2014,"Oregon",60,32,1920,845,216,4147
"530",530,2014,"Pennsylvania",16,60,960,269,257,2467
"531",531,2014,"South Dakota",260,63,16380,3604,195,31941
"532",532,2014,"Tennessee",6,61,366,59,293,1072
"533",533,2014,"Texas",92,52,4784,718,200,9568
"534",534,2014,"Utah",25,38,950,209,187,1777
"535",535,2014,"Vermont",4,60,240,53,239,574
"536",536,2014,"Virginia",4,41,164,23,377,618
"537",537,2014,"Washington",62,41,2542,1017,238,6050
"538",538,2014,"West Virginia",6,48,288,95,291,838
"539",539,2014,"Wisconsin",60,69,4140,1863,205,8487
"540",540,2014,"Wyoming",50,51,2550,459,187,4769
"541",541,2015,"Alabama",7,52,364,55,285,1037
"542",542,2015,"Arizona",29,36,1044,251,196,2046
"543",543,2015,"Arkansas",22,60,1320,66,202,2666
"544",544,2015,"California",330,33,10890,2505,211,22978
"545",545,2015,"Colorado",26,43,1118,324,210,2348
"546",546,2015,"Florida",220,61,13420,1074,203,27243
"547",547,2015,"Georgia",67,50,3350,637,226,7571
"548",548,2015,"Hawaii",13,83,1079,65,197,2126
"549",549,2015,"Idaho",83,32,2656,1036,202,5365
"550",550,2015,"Illinois",7,48,336,101,419,1408
"551",551,2015,"Indiana",6,47,282,82,277,781
"552",552,2015,"Iowa",39,48,1872,1217,245,4586
"553",553,2015,"Kansas",6,46,276,39,250,690
"554",554,2015,"Kentucky",3,41,123,17,325,400
"555",555,2015,"Louisiana",50,98,4900,490,189,9261
"556",556,2015,"Maine",7,43,301,27,314,945
"557",557,2015,"Michigan",85,55,4675,982,216,10098
"558",558,2015,"Minnesota",130,58,7540,1282,199,15005
"559",559,2015,"Mississippi",17,116,1972,39,186,3668
"560",560,2015,"Missouri",10,47,470,85,262,1231
"561",561,2015,"Montana",159,94,14946,5231,209,31237
"562",562,2015,"Nebraska",46,60,2760,1628,207,5713
"563",563,2015,"New Jersey",11,44,484,34,419,2028
"564",564,2015,"New York",55,48,2640,1030,212,5597
"565",565,2015,"North Carolina",10,38,380,84,367,1395
"566",566,2015,"North Dakota",480,69,33120,6955,204,67565
"567",567,2015,"Ohio",17,45,765,390,329,2517
"568",568,2015,"Oregon",62,35,2170,456,239,5186
"569",569,2015,"Pennsylvania",13,45,585,257,303,1773
"570",570,2015,"South Dakota",265,56,14840,6381,207,30719
"571",571,2015,"Tennessee",7,45,315,63,355,1118
"572",572,2015,"Texas",106,59,6254,1689,210,13133
"573",573,2015,"Utah",30,34,1020,92,209,2132
"574",574,2015,"Vermont",3,51,153,46,389,595
"575",575,2015,"Virginia",5,35,175,42,450,788
"576",576,2015,"Washington",69,39,2691,1023,230,6189
"577",577,2015,"West Virginia",6,46,276,83,366,1010
"578",578,2015,"Wisconsin",59,60,3540,1558,238,8425
"579",579,2015,"Wyoming",47,66,3102,558,211,6545
"580",580,2016,"Alabama",7,53,371,26,353,1310
"581",581,2016,"Arizona",26,39,1014,193,192,1947
"582",582,2016,"Arkansas",21,65,1365,137,204,2785
"583",583,2016,"California",320,39,12480,2995,206,25709
"584",584,2016,"Colorado",27,37,999,200,211,2108
"585",585,2016,"Florida",245,60,14700,1029,208,30576
"586",586,2016,"Georgia",73,62,4526,362,219,9912
"587",587,2016,"Hawaii",15,93,1395,140,229,3195
"588",588,2016,"Idaho",100,34,3400,850,203,6902
"589",589,2016,"Illinois",8,49,392,94,411,1611
"590",590,2016,"Indiana",5,62,310,115,319,989
"591",591,2016,"Iowa",35,43,1505,933,241,3627
"592",592,2016,"Kansas",7,75,525,84,238,1250
"593",593,2016,"Kentucky",5,47,235,56,396,931
"594",594,2016,"Louisiana",48,84,4032,524,218,8790
"595",595,2016,"Maine",8,47,376,41,499,1876
"596",596,2016,"Michigan",91,63,5733,1835,249,14275
"597",597,2016,"Minnesota",132,60,7920,1426,206,16315
"598",598,2016,"Mississippi",20,112,2240,45,201,4502
"599",599,2016,"Missouri",12,47,564,96,363,2047
"600",600,2016,"Montana",162,88,14256,5132,209,29795
"601",601,2016,"Nebraska",50,75,3750,1688,204,7650
"602",602,2016,"New Jersey",12,30,360,119,313,1127
"603",603,2016,"New York",60,55,3300,1518,283,9339
"604",604,2016,"North Carolina",12,43,516,88,349,1801
"605",605,2016,"North Dakota",490,86,42140,9271,199,83859
"606",606,2016,"Ohio",15,61,915,256,358,3276
"607",607,2016,"Oregon",71,40,2840,767,220,6248
"608",608,2016,"Pennsylvania",17,46,782,203,291,2276
"609",609,2016,"South Carolina",9,54,486,19,397,1929
"610",610,2016,"South Dakota",280,87,24360,5846,208,50669
"611",611,2016,"Tennessee",7,63,441,88,376,1658
"612",612,2016,"Texas",116,78,9048,2081,224,20268
"613",613,2016,"Utah",29,28,812,130,213,1730
"614",614,2016,"Vermont",3,58,174,61,489,851
"615",615,2016,"Virginia",6,41,246,57,468,1151
"616",616,2016,"Washington",68,44,2992,1167,261,7809
"617",617,2016,"West Virginia",6,31,186,33,407,757
"618",618,2016,"Wisconsin",53,54,2862,1030,238,6812
"619",619,2016,"Wyoming",38,61,2318,255,208,4821
"620",620,2017,"Alabama",7,47,329,13,383,1260
"621",621,2017,"Arizona",26,49,1274,306,203,2586
"622",622,2017,"Arkansas",24,72,1728,121,206,3560
"623",623,2017,"California",275,30,8250,1485,203,16748
"624",624,2017,"Colorado",29,51,1479,399,226,3343
"625",625,2017,"Florida",220,54,11880,832,197,23404
"626",626,2017,"Georgia",69,40,2760,221,243,6707
"627",627,2017,"Hawaii",14,102,1428,71,191,2727
"628",628,2017,"Idaho",89,32,2848,1082,193,5497
"629",629,2017,"Illinois",8,51,408,155,466,1901
"630",630,2017,"Indiana",6,53,318,165,323,1027
"631",631,2017,"Iowa",36,50,1800,990,220,3960
"632",632,2017,"Kansas",8,36,288,107,350,1008
"633",633,2017,"Kentucky",5,46,230,55,404,929
"634",634,2017,"Louisiana",44,99,4356,348,195,8494
"635",635,2017,"Maine",10,47,470,47,543,2552
"636",636,2017,"Michigan",90,58,5220,1984,244,12737
"637",637,2017,"Minnesota",122,68,8296,2157,184,15265
"638",638,2017,"Mississippi",15,83,1245,87,240,2988
"639",639,2017,"Missouri",10,52,520,52,355,1846
"640",640,2017,"Montana",146,83,12118,3757,194,23509
"641",641,2017,"Nebraska",57,48,2736,1450,204,5581
"642",642,2017,"New Jersey",12,27,324,207,420,1361
"643",643,2017,"New York",58,62,3596,899,294,10572
"644",644,2017,"North Carolina",12,45,540,103,451,2435
"645",645,2017,"North Dakota",490,74,36260,9428,180,65268
"646",646,2017,"Ohio",17,50,850,357,360,3060
"647",647,2017,"Oregon",71,38,2698,809,243,6556
"648",648,2017,"Pennsylvania",17,53,901,225,362,3262
"649",649,2017,"South Carolina",14,67,938,38,410,3846
"650",650,2017,"South Dakota",290,66,19140,9379,179,34261
"651",651,2017,"Tennessee",7,59,413,78,404,1669
"652",652,2017,"Texas",126,66,8316,1164,210,17464
"653",653,2017,"Utah",27,42,1134,147,192,2177
"654",654,2017,"Vermont",5,52,260,62,423,1100
"655",655,2017,"Virginia",6,38,228,50,553,1261
"656",656,2017,"Washington",73,44,3212,1221,180,5782
"657",657,2017,"West Virginia",5,35,175,32,444,777
"658",658,2017,"Wisconsin",52,67,3484,1603,243,8466
"659",659,2017,"Wyoming",38,77,2926,146,190,5559
"660",660,2018,"Alabama",7,52,364,33,345,1256
"661",661,2018,"Arizona",27,46,1242,261,197,2447
"662",662,2018,"Arkansas",24,69,1656,99,185,3064
"663",663,2018,"California",310,36,11160,2009,204,22766
"664",664,2018,"Colorado",32,40,1280,282,224,2867
"665",665,2018,"Florida",215,50,10750,538,243,26123
"666",666,2018,"Georgia",96,39,3744,899,269,10071
"667",667,2018,"Hawaii",16,113,1808,127,231,4176
"668",668,2018,"Idaho",97,34,3298,1253,182,6002
"669",669,2018,"Illinois",10,48,480,77,542,2602
"670",670,2018,"Indiana",7,62,434,208,346,1502
"671",671,2018,"Iowa",37,48,1776,746,208,3694
"672",672,2018,"Kansas",7,48,336,54,304,1021
"673",673,2018,"Kentucky",5,46,230,48,402,925
"674",674,2018,"Louisiana",50,86,4300,301,194,8342
"675",675,2018,"Maine",12,34,408,65,338,1379
"676",676,2018,"Michigan",89,60,5340,1709,237,12656
"677",677,2018,"Minnesota",124,59,7316,1390,169,12364
"678",678,2018,"Mississippi",19,85,1615,113,173,2794
"679",679,2018,"Missouri",8,62,496,30,231,1146
"680",680,2018,"Montana",159,77,12243,3183,177,21670
"681",681,2018,"Nebraska",48,46,2208,640,191,4217
"682",682,2018,"New Jersey",12,27,324,198,709,2297
"683",683,2018,"New York",64,57,3648,1167,319,11637
"684",684,2018,"North Carolina",12,37,444,89,478,2122
"685",685,2018,"North Dakota",485,78,37830,6809,185,69986
"686",686,2018,"Ohio",15,79,1185,664,393,4657
"687",687,2018,"Oregon",74,35,2590,622,191,4947
"688",688,2018,"Pennsylvania",19,50,950,266,303,2879
"689",689,2018,"South Carolina",16,45,720,36,457,3290
"690",690,2018,"South Dakota",280,71,19880,12127,176,34989
"691",691,2018,"Tennessee",6,55,330,69,488,1610
"692",692,2018,"Texas",133,70,9310,2607,208,19365
"693",693,2018,"Utah",31,32,992,169,193,1915
"694",694,2018,"Vermont",6,52,312,69,364,1136
"695",695,2018,"Virginia",5,38,190,30,585,1112
"696",696,2018,"Washington",84,35,2940,412,199,5851
"697",697,2018,"West Virginia",5,32,160,43,392,627
"698",698,2018,"Wisconsin",54,62,3348,1205,267,8939
"699",699,2018,"Wyoming",40,68,2720,190,178,4842
"700",700,2019,"Alabama",7,45,315,22,288,907
"701",701,2019,"Arizona",22,40,880,97,199,1751
"702",702,2019,"Arkansas",29,68,1972,197,197,3885
"703",703,2019,"California",335,41,13735,2198,216,29668
"704",704,2019,"Colorado",33,43,1419,284,209,2966
"705",705,2019,"Florida",205,43,8815,529,237,20892
"706",706,2019,"Georgia",99,32,3168,190,300,9504
"707",707,2019,"Hawaii",19,131,2489,25,153,3808
"708",708,2019,"Idaho",95,44,4180,1045,179,7482
"709",709,2019,"Illinois",11,46,506,167,509,2576
"710",710,2019,"Indiana",8,52,416,158,361,1502
"711",711,2019,"Iowa",35,58,2030,1035,226,4588
"712",712,2019,"Kansas",7,79,553,260,403,2229
"713",713,2019,"Kentucky",5,38,190,42,413,785
"714",714,2019,"Louisiana",43,81,3483,279,193,6722
"715",715,2019,"Maine",12,33,396,51,500,1980
"716",716,2019,"Michigan",87,45,3915,822,242,9474
"717",717,2019,"Minnesota",126,62,7812,1016,193,15077
"718",718,2019,"Mississippi",18,86,1548,124,182,2817
"719",719,2019,"Missouri",8,65,520,57,370,1924
"720",720,2019,"Montana",145,72,10440,2506,221,23072
"721",721,2019,"Nebraska",42,63,2646,423,191,5054
"722",722,2019,"New Jersey",13,28,364,167,874,3181
"723",723,2019,"New York",57,56,3192,766,303,9672
"724",724,2019,"North Carolina",11,41,451,99,458,2066
"725",725,2019,"North Dakota",455,74,33670,4377,191,64310
"726",726,2019,"Ohio",15,73,1095,657,324,3548
"727",727,2019,"Oregon",78,40,3120,998,210,6552
"728",728,2019,"Pennsylvania",16,46,736,177,351,2583
"729",729,2019,"South Carolina",16,34,544,27,270,1469
"730",730,2019,"South Dakota",255,57,14535,6541,207,30087
"731",731,2019,"Tennessee",7,41,287,75,457,1312
"732",732,2019,"Texas",120,66,7920,2297,217,17186
"733",733,2019,"Utah",27,31,837,67,208,1741
"734",734,2019,"Vermont",7,54,378,144,402,1520
"735",735,2019,"Virginia",6,35,210,46,577,1212
"736",736,2019,"Washington",77,45,3465,1594,244,8455
"737",737,2019,"West Virginia",6,40,240,50,393,943
"738",738,2019,"Wisconsin",53,56,2968,683,282,8370
"739",739,2019,"Wyoming",39,53,2067,186,161,3328
