23,"t","Honey: Released May 16, 2019, by the National Agricultural Statistics Service (NASS), Agricultural Statistics Board, United States Department of Agriculture (USDA)."
23,"t","Queen, Package, and Nuc Prices Paid � United States: 2017 and 2018"
23,"t","[Operations that qualify as a farm. Represents prices paid by operations, regardless of whether honey produced. For more estimates on the total number of colonies, see the "Honey Bee Colonies" report]"
23,"h","","","","","","",""
23,"h","United States","Queen","Queen","Package","Package","Nuc","Nuc"
23,"h","","","","","","",""
23,"h","","2017","2018","2017","2018","2017","2018"
23,"h","","","","","","",""
23,"u","","(dollars per)","(dollars per)","(dollars per)","(dollars per)","(dollars per)","(dollars per)"
23,"d","Operations with",,,,,,
23,"d","  5 or more colonies",14,18,76,86,107,110
23,"c",""
