25,"t","Honey: Released March 14, 2018, by the National Agricultural Statistics Service (NASS), Agricultural Statistics Board, United States Department of Agriculture (USDA)."
25,"t","Apiary Workers � United States: 2016 and 2017"
25,"t","[Operations that qualify as a farm. Represents number of paid and unpaid workers that worked with colonies, regardless of whether honey was harvested. For more estimates on the total number of colonies, see the "Honey Bee Colonies" report]"
25,"h","","",""
25,"h","United States","Apiary workers","Apiary workers"
25,"h","","",""
25,"h","","2016","2017"
25,"h","","",""
25,"u","","(workers)","(workers)"
25,"d","  5 or more colonies",24000,22000
25,"d","  Less than 5 colonies",19000,19000
25,"c",""
